City ID,City,Country,Date,Lat,Lng,Max Temp,Humidity,Cloudiness,Wind Speed
0,Port Elizabeth,ZA,2022-06-27 22:04:17,-33.918,25.5701,57.85,50,1,5.82
1,Rikitea,PF,2022-06-27 22:04:18,-23.1203,-134.9692,73.65,71,6,7.94
2,Saldanha,ZA,2022-06-27 22:04:18,-33.0117,17.9442,61.81,59,0,10.4
3,Torbay,CA,2022-06-27 22:03:23,47.6666,-52.7314,61.59,94,98,14.09
4,Hilo,US,2022-06-27 22:04:20,19.7297,-155.09,81.28,72,100,8.01
5,Northam,GB,2022-06-27 22:04:21,51.0333,-4.2167,53.62,84,50,10.74
6,Bluff,NZ,2022-06-27 22:04:22,-46.6,168.3333,41.45,73,9,5.55
7,Avarua,CK,2022-06-27 22:04:23,-21.2078,-159.775,78.85,78,40,23.02
8,Constitucion,CL,2022-06-27 22:04:25,-35.3333,-72.4167,53.74,81,13,7.81
9,Yellowknife,CA,2022-06-27 22:01:07,62.456,-114.3525,66.56,37,93,8.99
10,Albany,US,2022-06-27 22:00:21,42.6001,-73.9662,77.45,49,51,11.25
11,Barrow,US,2022-06-27 22:04:27,71.2906,-156.7887,62.62,59,75,10.36
12,Bengkulu,ID,2022-06-27 22:04:28,-3.8004,102.2655,75.06,88,99,4.07
13,Mataura,NZ,2022-06-27 22:04:29,-46.1927,168.8643,37.92,94,24,1.9
14,Norman Wells,CA,2022-06-27 22:04:29,65.282,-126.8329,81.66,29,70,1.03
15,Hobart,AU,2022-06-27 22:01:03,-42.8794,147.3294,53.22,74,75,9.22
16,Arrecife,ES,2022-06-27 22:04:31,28.963,-13.5477,69.78,73,75,19.57
17,Gannan,CN,2022-06-27 22:04:32,47.9147,123.5031,67.91,84,98,7.96
18,Jumla,NP,2022-06-27 22:04:34,29.2747,82.1838,63.72,96,99,1.19
19,Faanui,PF,2022-06-27 22:04:34,-16.4833,-151.75,79.74,74,8,20.29
20,Anadyr,RU,2022-06-27 22:01:16,64.75,177.4833,52.3,82,75,6.71
21,Bairiki,KI,2022-06-27 22:04:36,1.3292,172.9752,81.43,79,96,13.94
22,Yenagoa,NG,2022-06-27 22:04:37,4.9247,6.2642,74.5,94,100,4.7
23,Mitu,CO,2022-06-27 22:04:38,1.1983,-70.1733,76.17,81,91,1.28
24,Faizabad,IN,2022-06-27 22:04:39,26.7833,82.1333,90.61,54,100,7.63
25,Rio Linda,US,2022-06-27 22:04:40,38.691,-121.4486,105.22,19,0,8.05
26,Atuona,PF,2022-06-27 22:04:41,-9.8,-139.0333,77.77,74,10,19.24
27,San Patricio,US,2022-06-27 22:04:42,28.017,-97.5169,101.12,36,75,16.4
28,Namibe,AO,2022-06-27 22:04:43,-15.1961,12.1522,67.3,63,1,1.7
29,Hasaki,JP,2022-06-27 22:04:44,35.7333,140.8333,79.29,87,66,7.36
30,Vaini,TO,2022-06-27 22:04:45,-21.2,-175.2,77.16,73,20,5.75
31,Sao Borja,BR,2022-06-27 22:04:46,-28.6606,-56.0044,60.94,95,96,5.01
32,Victoria,HK,2022-06-27 22:00:55,22.2855,114.1577,85.32,82,48,3.0
33,Kutum,SD,2022-06-27 22:04:47,14.2,24.6667,83.1,36,77,5.06
34,Vieste,IT,2022-06-27 22:04:48,41.8825,16.175,82.58,50,3,7.18
35,Cidreira,BR,2022-06-27 22:04:49,-30.1811,-50.2056,60.49,88,100,6.78
36,Jequie,BR,2022-06-27 22:04:50,-13.8575,-40.0836,66.38,82,86,3.56
37,Qena,EG,2022-06-27 22:04:51,26.1615,32.7183,90.12,21,0,10.76
38,Clyde River,CA,2022-06-27 22:04:51,70.4692,-68.5914,35.83,93,100,6.91
39,Islamkot,PK,2022-06-27 22:04:52,24.6997,70.177,87.67,64,90,16.04
40,Yuncheng,CN,2022-06-27 22:00:43,35.0231,110.9928,75.61,42,0,5.19
41,Port Hardy,CA,2022-06-27 22:03:20,50.6996,-127.4199,64.83,75,100,4.32
42,Mar Del Plata,AR,2022-06-27 22:04:54,-38.0023,-57.5575,53.1,74,0,9.22
43,Roald,NO,2022-06-27 22:04:55,62.5833,6.1333,58.33,94,75,5.75
44,Busselton,AU,2022-06-27 22:04:08,-33.65,115.3333,52.95,72,71,6.02
45,Karangasem,ID,2022-06-27 22:05:27,-8.45,115.6167,74.97,81,82,11.05
46,Lucea,JM,2022-06-27 22:05:28,18.451,-78.1736,82.26,72,84,2.17
47,Kapaa,US,2022-06-27 22:05:29,22.0752,-159.319,82.72,74,0,16.11
48,Cherskiy,RU,2022-06-27 22:05:30,68.75,161.3,53.55,32,100,11.05
49,Beloha,MG,2022-06-27 22:05:32,-25.1667,45.05,59.29,68,0,10.85
50,Taoudenni,ML,2022-06-27 22:05:32,22.6783,-3.9836,103.44,9,2,15.48
51,Villazon,BO,2022-06-27 22:05:33,-22.0866,-65.5942,52.81,26,89,8.66
52,Puerto Ayora,EC,2022-06-27 22:05:35,-0.7393,-90.3518,75.16,93,47,3.0
53,Pevek,RU,2022-06-27 22:05:35,69.7008,170.3133,37.67,73,16,8.16
54,Krasnoselkup,RU,2022-06-27 22:05:36,65.7,82.4667,57.25,92,100,17.65
55,Anloga,GH,2022-06-27 22:05:37,5.7947,0.8973,78.93,86,98,7.18
56,Tasiilaq,GL,2022-06-27 22:05:38,65.6145,-37.6368,44.76,69,100,7.16
57,Hermanus,ZA,2022-06-27 22:05:39,-34.4187,19.2345,53.8,55,2,7.96
58,Hithadhoo,MV,2022-06-27 22:05:40,-0.6,73.0833,82.83,73,100,9.31
59,Ushuaia,AR,2022-06-27 22:03:01,-54.8,-68.3,33.17,91,66,7.49
60,Geraldton,AU,2022-06-27 22:05:41,-28.7667,114.6,54.01,100,100,8.05
61,Upernavik,GL,2022-06-27 22:05:42,72.7868,-56.1549,38.43,86,4,7.29
62,Saskylakh,RU,2022-06-27 22:05:43,71.9167,114.0833,41.05,65,34,10.13
63,Butaritari,KI,2022-06-27 22:05:43,3.0707,172.7902,81.36,80,97,12.86
64,Esperance,AU,2022-06-27 22:05:44,-33.8667,121.9,51.64,65,93,18.45
65,Daru,PG,2022-06-27 22:05:45,-9.0763,143.2092,78.22,91,100,13.62
66,Ribeira Grande,PT,2022-06-27 22:05:46,38.5167,-28.7,68.4,73,75,6.91
67,Dawlatabad,AF,2022-06-27 22:05:47,36.4141,64.9053,88.56,14,0,4.25
68,Otradnoye,RU,2022-06-27 22:01:14,59.7775,30.8181,68.09,68,45,4.27
69,Antofagasta,CL,2022-06-27 22:05:49,-23.65,-70.4,60.08,77,100,8.1
70,Samfya,ZM,2022-06-27 22:05:50,-11.3649,29.5565,56.23,73,5,11.77
71,Inhambane,MZ,2022-06-27 22:05:51,-23.865,35.3833,66.92,69,83,13.73
72,Bubaque,GW,2022-06-27 22:05:52,11.2833,-15.8333,81.54,84,39,13.65
73,Bratsk,RU,2022-06-27 22:05:53,56.1325,101.6142,61.29,81,96,3.76
74,Narsaq,GL,2022-06-27 22:05:54,60.9167,-46.05,55.62,65,7,1.1
75,Port Hedland,AU,2022-06-27 22:05:55,-20.3167,118.5667,55.45,58,0,11.5
76,Castro,BR,2022-06-27 22:05:56,-24.7911,-50.0119,53.06,92,78,4.07
77,Tuktoyaktuk,CA,2022-06-27 22:05:56,69.4541,-133.0374,51.17,64,99,8.9
78,Lichinga,MZ,2022-06-27 22:05:57,-13.3128,35.2406,53.69,100,75,18.41
79,Magistralnyy,RU,2022-06-27 22:05:58,56.1725,107.4458,62.69,94,89,3.58
80,Sitka,US,2022-06-27 22:06:00,57.0531,-135.33,66.09,59,20,12.66
81,Deputatskiy,RU,2022-06-27 22:06:01,69.3,139.9,32.56,99,100,2.39
82,Lebu,CL,2022-06-27 22:06:02,-37.6167,-73.65,52.2,93,94,7.43
83,Katsuura,JP,2022-06-27 22:06:03,35.1333,140.3,77.49,85,82,6.53
84,Jamestown,US,2022-06-27 22:04:49,42.097,-79.2353,68.02,47,75,16.11
85,Acapulco,MX,2022-06-27 22:06:04,16.8634,-99.8901,85.82,74,40,8.05
86,Conceicao Do Araguaia,BR,2022-06-27 22:01:38,-8.2578,-49.2647,79.52,39,4,3.36
87,Boguchany,RU,2022-06-27 22:06:05,58.3814,97.4531,62.82,89,80,3.91
88,Sinnamary,GF,2022-06-27 22:06:06,5.3833,-52.95,77.54,88,100,5.35
89,Tadine,NC,2022-06-27 22:06:07,-21.55,167.8833,76.08,79,31,9.24
90,Souillac,MU,2022-06-27 22:01:29,-20.5167,57.5167,70.18,78,75,11.5
91,Codrington,AU,2022-06-27 22:06:39,-38.2667,141.9667,41.52,88,100,9.1
92,San Rafael,AR,2022-06-27 22:05:50,-34.6177,-68.3301,51.73,37,61,5.61
93,Srednekolymsk,RU,2022-06-27 22:06:40,67.45,153.6833,53.04,43,100,17.63
94,Malegaon,IN,2022-06-27 22:06:42,20.55,74.5333,76.35,87,99,9.19
95,Sandomierz,PL,2022-06-27 22:06:42,50.6827,21.749,72.66,66,10,3.0
96,Cape Town,ZA,2022-06-27 22:03:23,-33.9258,18.4232,59.38,61,0,1.01
97,Avera,US,2022-06-27 22:06:44,33.194,-82.5271,89.11,59,99,9.6
98,Lagos,NG,2022-06-27 22:04:16,6.5833,3.75,76.06,92,100,2.75
99,Havoysund,NO,2022-06-27 22:06:45,70.9963,24.6622,62.83,66,14,15.14
100,Carnarvon,AU,2022-06-27 22:06:46,-24.8667,113.6333,63.93,47,0,14.92
101,Kununurra,AU,2022-06-27 22:06:47,-15.7667,128.7333,67.98,45,2,8.05
102,Punta Arenas,CL,2022-06-27 22:04:15,-53.15,-70.9167,37.51,70,40,11.5
103,Chokurdakh,RU,2022-06-27 22:06:48,70.6333,147.9167,50.36,42,100,3.06
104,Cotonou,BJ,2022-06-27 22:06:49,6.3654,2.4183,78.37,85,78,7.05
105,Los Llanos De Aridane,ES,2022-06-27 22:06:50,28.6585,-17.9182,67.75,84,100,16.11
106,Lavrentiya,RU,2022-06-27 22:06:51,65.5833,-171.0,44.01,94,100,11.32
107,Bardiyah,LY,2022-06-27 22:06:52,31.7561,25.0865,77.31,67,0,6.89
108,Lompoc,US,2022-06-27 22:06:53,34.6391,-120.4579,98.78,64,0,13.8
109,Talnakh,RU,2022-06-27 22:06:54,69.4865,88.3972,60.62,50,21,0.54
110,Hamilton,US,2022-06-27 22:06:54,39.1834,-84.5333,81.43,39,40,9.22
111,Najran,SA,2022-06-27 22:06:55,17.4924,44.1277,83.77,17,88,3.18
112,Broome,US,2022-06-27 22:06:56,42.2506,-75.833,75.67,56,20,12.66
113,Quisqueya,DO,2022-06-27 22:06:58,18.5554,-69.4081,86.14,56,81,14.7
114,Chicama,PE,2022-06-27 22:06:58,-7.8447,-79.1469,63.14,72,62,8.23
115,Sao Joao Da Barra,BR,2022-06-27 22:06:59,-21.6403,-41.0511,65.88,60,14,6.58
116,Nikolskoye,RU,2022-06-27 22:07:00,59.7035,30.7861,67.91,66,44,4.27
117,Cayenne,GF,2022-06-27 22:03:05,4.9333,-52.3333,81.09,1,20,3.44
118,Touros,BR,2022-06-27 22:07:02,-5.1989,-35.4608,77.05,83,12,14.81
119,Fereydun Kenar,IR,2022-06-27 22:07:03,36.6864,52.5225,76.77,73,0,3.76
120,Kaifeng,CN,2022-06-27 22:07:07,34.7911,114.3483,73.89,94,3,7.9
121,Tshane,BW,2022-06-27 22:07:08,-24.0196,21.8684,56.3,51,85,8.28
122,Sao Filipe,CV,2022-06-27 22:07:09,14.8961,-24.4956,75.54,77,45,3.49
123,Bumba,CD,2022-06-27 22:07:10,2.1833,22.4667,70.95,95,86,0.98
124,Keffi,NG,2022-06-27 22:07:11,8.8486,7.8736,75.04,86,63,2.71
125,Mezen,RU,2022-06-27 22:07:12,65.8522,44.24,38.37,86,92,7.58
126,Mildura,AU,2022-06-27 22:07:13,-34.2,142.15,42.08,71,53,4.52
127,Ponta Do Sol,PT,2022-06-27 22:07:14,32.6667,-17.1,67.01,63,37,7.23
128,Qaanaaq,GL,2022-06-27 22:07:16,77.484,-69.3632,46.56,59,57,0.58
129,Klaksvik,FO,2022-06-27 22:07:17,62.2266,-6.589,50.92,91,30,15.93
130,Roswell,US,2022-06-27 22:07:18,34.0232,-84.3616,86.27,75,100,5.75
131,Makakilo City,US,2022-06-27 22:06:14,21.3469,-158.0858,84.52,51,75,17.27
132,Hofn,IS,2022-06-27 22:07:20,64.2539,-15.2082,49.93,83,100,11.03
133,Tiksi,RU,2022-06-27 22:07:21,71.6872,128.8694,33.26,82,99,7.07
134,Longyearbyen,SJ,2022-06-27 22:07:22,78.2186,15.6401,42.64,81,40,12.66
135,New Norfolk,AU,2022-06-27 22:07:23,-42.7826,147.0587,53.89,83,100,3.0
136,Vila Do Maio,CV,2022-06-27 22:07:24,15.1333,-23.2167,75.99,84,48,12.88
137,La Ronge,CA,2022-06-27 22:07:25,55.1001,-105.2842,59.22,58,75,8.05
138,East London,ZA,2022-06-27 22:07:56,-33.0153,27.9116,58.39,54,0,7.78
139,Quatre Cocos,MU,2022-06-27 22:07:57,-20.2078,57.7625,69.91,72,59,20.27
140,Aransas Pass,US,2022-06-27 22:04:47,27.9095,-97.15,96.22,67,0,13.8
141,Byron Bay,AU,2022-06-27 22:07:59,-28.65,153.6167,53.94,71,84,15.12
142,Kruisfontein,ZA,2022-06-27 22:08:00,-34.0033,24.7314,54.82,46,5,6.78
143,Kiunga,PG,2022-06-27 22:08:00,-6.1219,141.2906,73.74,99,100,1.34
144,Saint-Augustin,CA,2022-06-27 22:08:01,51.226,-58.6502,61.05,84,91,18.9
145,Yelets,RU,2022-06-27 22:08:02,52.6237,38.5017,68.07,92,11,7.16
146,Sungaipenuh,ID,2022-06-27 22:08:04,-2.0833,101.3833,65.41,98,100,0.56
147,Atbasar,KZ,2022-06-27 22:08:05,51.8,68.3333,48.85,83,36,2.24
148,Hirara,JP,2022-06-27 22:08:06,24.8,125.2833,80.87,89,75,4.61
149,Hervey Bay,AU,2022-06-27 22:08:07,-25.2986,152.8535,59.85,74,18,20.2
150,Takaka,NZ,2022-06-27 22:08:08,-40.85,172.8,56.55,95,100,5.73
151,Bethel,US,2022-06-27 22:08:09,41.3712,-73.414,76.15,86,40,4.61
152,Kavieng,PG,2022-06-27 22:08:11,-2.5744,150.7967,83.57,71,100,14.05
153,Xining,CN,2022-06-27 22:08:12,36.6167,101.7667,53.11,71,87,4.18
154,Karacabey,TR,2022-06-27 22:08:13,40.2152,28.4038,70.18,92,100,3.62
155,Eldorado,BR,2022-06-27 22:08:14,-23.7869,-54.2836,63.45,80,66,5.44
156,Lashio,MM,2022-06-27 22:08:16,22.9333,97.75,68.13,99,100,1.12
157,Tawang,IN,2022-06-27 22:08:18,27.5833,91.8667,56.64,98,100,1.3
158,Upata,VE,2022-06-27 22:08:19,8.0086,-62.3989,72.39,96,100,2.57
159,Kisangani,CD,2022-06-27 22:08:20,0.5167,25.2,72.48,85,65,0.96
160,Gobabis,NA,2022-06-27 22:08:21,-22.45,18.9667,54.52,53,99,14.76
161,Arraial Do Cabo,BR,2022-06-27 22:08:22,-22.9661,-42.0278,62.46,72,0,3.44
162,Kodiak,US,2022-06-27 22:08:23,57.79,-152.4072,63.91,55,20,5.75
163,Saint-Philippe,RE,2022-06-27 22:08:24,-21.3585,55.7679,65.79,75,87,13.56
164,Tecoanapa,MX,2022-06-27 22:08:25,16.5167,-98.75,83.44,69,63,9.04
165,Edson,CA,2022-06-27 22:08:26,53.5835,-116.4356,66.31,63,20,12.66
166,Panama City,PA,2022-06-27 22:07:12,8.9936,-79.5197,81.45,87,100,5.75
167,Glendive,US,2022-06-27 22:08:28,47.1053,-104.7125,83.48,26,0,4.61
168,Hun,LY,2022-06-27 22:08:29,29.1268,15.9477,89.28,17,0,15.82
169,Sisimiut,GL,2022-06-27 22:08:30,66.9395,-53.6735,43.9,79,38,6.51
170,Ilhabela,BR,2022-06-27 22:08:31,-23.7781,-45.3581,65.75,80,74,10.69
171,Porbandar,IN,2022-06-27 22:08:32,21.6422,69.6093,82.67,78,100,15.59
172,Baykit,RU,2022-06-27 22:08:33,61.67,96.37,55.58,95,69,3.06
173,Haines Junction,CA,2022-06-27 22:08:34,60.7522,-137.5108,77.83,29,97,3.91
174,Tiznit,MA,2022-06-27 22:08:35,29.5833,-9.5,62.78,78,36,5.57
175,Sawakin,SD,2022-06-27 22:08:36,19.1059,37.3321,89.26,47,3,9.28
176,Dikson,RU,2022-06-27 22:08:36,73.5069,80.5464,30.65,90,98,21.12
177,Tucuman,AR,2022-06-27 22:07:31,-26.8241,-65.2226,48.2,100,100,8.05
178,Vestmanna,FO,2022-06-27 22:08:37,62.1564,-7.1664,49.12,87,75,16.11
179,Iqaluit,CA,2022-06-27 22:08:38,63.7506,-68.5145,47.37,48,72,9.24
180,Luebo,CD,2022-06-27 22:08:39,-5.35,21.4167,69.91,43,8,2.55
181,Shubarkuduk,KZ,2022-06-27 22:08:40,49.1447,56.4872,61.03,63,0,6.31
182,Westport,US,2022-06-27 22:09:11,41.1415,-73.3579,76.55,95,100,3.0
183,Soledade,BR,2022-06-27 22:09:12,-28.8183,-52.5103,58.1,95,100,4.0
184,Margate,GB,2022-06-27 22:09:06,51.3813,1.3862,57.31,78,75,4.0
185,Yulara,AU,2022-06-27 22:09:13,-25.2406,130.9889,47.16,56,82,8.63
186,Homer,US,2022-06-27 22:09:14,59.6425,-151.5483,62.04,78,0,9.22
187,Severo-Kurilsk,RU,2022-06-27 22:09:15,50.6789,156.125,46.89,97,100,11.45
188,Kaiwaka,NZ,2022-06-27 22:09:16,-36.1667,174.45,54.7,79,100,3.56
189,Phayao,TH,2022-06-27 22:09:17,19.25,100.25,71.56,98,100,2.35
190,Sozimskiy,RU,2022-06-27 22:09:18,59.7418,52.2482,43.61,64,96,8.14
191,Thompson,CA,2022-06-27 22:09:19,55.7435,-97.8558,49.17,79,100,11.25
192,Nabire,ID,2022-06-27 22:09:20,-3.3667,135.4833,75.74,91,100,1.43
193,Havre,FR,2022-06-27 22:09:21,49.5833,0.3333,57.2,82,0,0.0
194,Puerto Escondido,MX,2022-06-27 22:08:35,15.85,-97.0667,86.83,70,20,5.75
195,Mandera,KE,2022-06-27 22:09:23,3.9366,41.867,78.33,54,97,18.52
196,Ketchikan,US,2022-06-27 22:09:24,55.3422,-131.6461,73.87,49,0,9.22
197,Zyryanka,RU,2022-06-27 22:09:25,65.75,150.85,63.77,51,34,1.16
198,Knysna,ZA,2022-06-27 22:09:25,-34.0363,23.0471,58.96,55,1,5.32
199,Meulaboh,ID,2022-06-27 22:07:19,4.1363,96.1285,75.07,92,100,4.83
200,Kamaishi,JP,2022-06-27 22:09:27,39.2667,141.8833,70.02,97,100,5.93
201,Mount Gambier,AU,2022-06-27 22:09:28,-37.8333,140.7667,40.1,92,100,6.8
202,Nuuk,GL,2022-06-27 22:09:29,64.1835,-51.7216,41.54,86,100,14.34
203,Mahebourg,MU,2022-06-27 22:09:30,-20.4081,57.7,70.09,78,75,11.5
204,Hualmay,PE,2022-06-27 22:09:32,-11.0964,-77.6139,64.74,79,69,13.27
205,Buchanan,LR,2022-06-27 22:09:33,5.8808,-10.0467,76.95,89,89,7.72
206,Shannon,IE,2022-06-27 22:09:34,52.7039,-8.8642,56.14,94,75,17.27
207,Myitkyina,MM,2022-06-27 22:09:34,25.3833,97.4,73.53,99,100,0.49
208,Gracac,HR,2022-06-27 22:09:35,44.3006,15.8547,69.55,61,0,2.06
209,Tezu,IN,2022-06-27 22:09:37,27.9167,96.1667,74.5,99,100,2.55
210,Kristinehamn,SE,2022-06-27 22:09:38,59.3098,14.1081,77.56,61,64,7.14
211,Sabang,ID,2022-06-27 22:09:39,5.8933,95.3214,81.52,78,100,18.5
212,Sakakah,SA,2022-06-27 22:09:40,29.9697,40.2064,84.29,19,0,8.3
213,Pisco,PE,2022-06-27 22:07:43,-13.7,-76.2167,68.05,68,33,18.41
214,Chuy,UY,2022-06-27 22:09:42,-33.6971,-53.4616,51.75,93,100,3.65
215,Bagdarin,RU,2022-06-27 22:09:43,54.4333,113.6,63.12,71,45,2.06
216,Bocas Del Toro,PA,2022-06-27 22:09:44,9.3333,-82.25,73.76,91,100,16.28
217,Bambous Virieux,MU,2022-06-27 22:09:45,-20.3428,57.7575,70.05,78,75,11.5
218,Ixtapa,MX,2022-06-27 22:09:45,20.7,-105.2,87.03,62,20,11.5
219,San Andres,CO,2022-06-27 22:09:46,12.5847,-81.7006,84.22,74,40,9.22
220,Contamana,PE,2022-06-27 22:09:47,-7.3333,-75.0167,87.85,48,10,0.36
221,Moramanga,MG,2022-06-27 22:09:48,-18.9333,48.2,55.26,98,100,9.01
222,Praia,CV,2022-06-27 22:09:50,14.9215,-23.5087,75.74,73,20,14.97
223,Labuhan,ID,2022-06-27 22:09:50,-6.8844,112.2051,74.35,82,33,11.88
224,Gallup,US,2022-06-27 22:09:51,35.5281,-108.7426,79.56,40,40,16.11
225,Ouegoa,NC,2022-06-27 22:09:52,-20.35,164.4333,74.66,74,98,3.91
226,Cap Malheureux,MU,2022-06-27 22:10:23,-19.9842,57.6142,67.46,79,41,1.01
227,Ahuimanu,US,2022-06-27 22:10:24,21.4447,-157.8378,85.71,62,100,17.27
228,Fernie,CA,2022-06-27 22:10:25,49.5,-115.0687,82.26,23,41,4.52
229,Binabalian,PH,2022-06-27 22:10:25,16.4202,119.9279,81.43,79,98,14.12
230,Alice Springs,AU,2022-06-27 22:10:26,-23.7,133.8833,47.75,61,99,4.61
231,Aksha,RU,2022-06-27 22:10:27,50.2814,113.2867,65.5,62,0,2.64
232,Tura,IN,2022-06-27 22:10:28,25.5198,90.2201,73.67,98,100,4.52
233,Itaituba,BR,2022-06-27 22:10:29,-4.2761,-55.9836,80.53,61,25,2.08
234,Bosaso,SO,2022-06-27 22:10:30,11.2842,49.1816,92.86,38,100,21.83
235,Martil,MA,2022-06-27 22:10:31,35.6166,-5.2752,65.23,55,0,11.32
236,Tuatapere,NZ,2022-06-27 22:10:31,-46.1333,167.6833,38.93,83,3,2.91
237,Karasjok,NO,2022-06-27 22:10:32,69.4719,25.5112,63.77,67,100,6.04
238,Prabumulih,ID,2022-06-27 22:10:33,-3.45,104.25,73.26,99,100,2.57
239,Bathsheba,BB,2022-06-27 22:10:34,13.2167,-59.5167,83.01,78,75,24.16
240,Chichimila,MX,2022-06-27 22:10:35,20.6167,-88.2167,76.19,87,99,4.47
241,Whyalla,AU,2022-06-27 22:10:36,-33.0333,137.5833,48.22,54,2,9.57
242,Bani Walid,LY,2022-06-27 22:10:37,31.7566,13.9942,80.64,36,3,8.23
243,Burnie,AU,2022-06-27 22:10:38,-41.0667,145.9167,49.91,91,100,9.64
244,Ilulissat,GL,2022-06-27 22:10:39,69.2167,-51.1,44.62,81,75,4.61
245,Bredasdorp,ZA,2022-06-27 22:07:20,-34.5322,20.0403,54.73,58,3,4.21
246,Manpur,IN,2022-06-27 22:10:41,22.4333,75.6167,76.57,81,60,8.01
247,Wucheng,CN,2022-06-27 22:10:41,29.6008,118.175,77.77,88,100,3.78
248,Tolaga Bay,NZ,2022-06-27 22:10:42,-38.3667,178.3,53.37,71,100,2.19
249,Vyazemskiy,RU,2022-06-27 22:10:43,47.5378,134.7525,65.32,82,100,5.32
250,Georgetown,MY,2022-06-27 22:09:41,5.4112,100.3354,82.33,83,20,5.75
251,Bonavista,CA,2022-06-27 22:10:45,48.6499,-53.1147,61.38,84,66,14.09
252,Champerico,GT,2022-06-27 22:10:45,14.3,-91.9167,82.94,70,5,6.96
253,Lorengau,PG,2022-06-27 22:10:46,-2.0226,147.2712,82.8,77,94,12.71
254,Henties Bay,NA,2022-06-27 22:10:47,-22.116,14.2845,74.97,33,0,15.84
255,Williston,US,2022-06-27 22:10:48,48.147,-103.618,84.04,28,16,3.0
256,Southbridge,US,2022-06-27 22:10:49,42.0751,-72.0334,75.15,95,100,4.63
257,Iroquois Falls,CA,2022-06-27 22:10:50,48.7669,-80.6831,61.3,48,87,11.39
258,Tromso,NO,2022-06-27 22:10:35,69.6496,18.957,69.39,67,0,5.75
259,Porto Belo,BR,2022-06-27 22:10:33,-27.1578,-48.5531,65.89,88,100,9.57
260,Ndioum,SN,2022-06-27 22:10:53,16.5129,-14.6471,100.09,21,64,10.54
261,Kasongo-Lunda,CD,2022-06-27 22:10:54,-6.4667,16.8167,69.66,42,5,1.34
262,Huejuquilla El Alto,MX,2022-06-27 22:10:55,22.6,-103.8667,85.69,20,55,6.78
263,Port Lincoln,AU,2022-06-27 22:07:18,-34.7333,135.8667,49.62,67,59,10.98
264,Coffs Harbour,AU,2022-06-27 22:10:57,-30.3,153.1333,58.14,62,40,17.27
265,Port Alfred,ZA,2022-06-27 22:10:58,-33.5906,26.891,59.58,64,0,10.04
266,Erzin,TR,2022-06-27 22:10:59,36.9559,36.2,71.82,71,0,1.07
267,Pacific Grove,US,2022-06-27 22:11:00,36.6177,-121.9166,86.23,87,0,10.36
268,Aksu,CN,2022-06-27 22:11:00,41.1231,80.2644,78.49,37,74,7.99
269,Bonga,ET,2022-06-27 22:11:02,7.2833,36.2333,58.08,97,100,1.99
270,Padang,ID,2022-06-27 22:09:36,-0.9492,100.3543,77.67,87,100,1.88
271,Petropavlovsk-Kamchatskiy,RU,2022-06-27 22:11:05,53.0452,158.6483,57.78,72,0,2.24
272,Adrar,MR,2022-06-27 22:08:33,20.5022,-10.0711,92.55,15,0,11.43
273,Dawei,MM,2022-06-27 22:11:37,14.0833,98.2,76.57,94,98,3.22
274,Nizhnevartovsk,RU,2022-06-27 22:11:37,60.9344,76.5531,51.82,100,75,8.99
275,Kerman,IR,2022-06-27 22:11:38,30.2832,57.0788,85.57,12,87,2.19
276,Barentu,ER,2022-06-27 22:07:16,15.1139,37.5928,71.28,59,86,9.82
277,Ambon,ID,2022-06-27 22:11:40,-3.6954,128.1814,76.23,16,40,4.61
278,Airai,TL,2022-06-27 22:11:41,-8.9266,125.4092,56.64,88,100,4.32
279,Nome,US,2022-06-27 22:11:42,64.5011,-165.4064,48.16,100,100,5.75
280,Vila Franca Do Campo,PT,2022-06-27 22:11:43,37.7167,-25.4333,67.19,84,62,3.67
281,Zhigansk,RU,2022-06-27 22:09:13,66.7697,123.3711,44.42,56,100,17.43
282,Hecun,CN,2022-06-27 22:11:44,36.5333,114.1111,78.6,57,0,4.56
283,Sangar,RU,2022-06-27 22:11:46,63.9242,127.4739,56.37,97,84,9.08
284,Namatanai,PG,2022-06-27 22:11:47,-3.6667,152.4333,82.0,69,94,8.32
285,Kieta,PG,2022-06-27 22:11:48,-6.2167,155.6333,81.61,74,91,1.59
286,Sur,OM,2022-06-27 22:11:49,22.5667,59.5289,87.82,65,82,9.69
287,Bereda,ES,2022-06-27 22:11:50,43.2686,-7.5406,48.15,100,10,2.75
288,Provideniya,RU,2022-06-27 22:11:51,64.3833,-173.3,44.71,100,100,13.0
289,Mazagao,BR,2022-06-27 22:07:09,-0.115,-51.2894,84.25,72,69,3.31
290,Jalu,LY,2022-06-27 22:09:38,29.0331,21.5482,88.75,20,0,15.28
291,Koumac,NC,2022-06-27 22:11:54,-20.5667,164.2833,74.95,73,100,5.03
292,Marsa Matruh,EG,2022-06-27 22:11:55,31.3525,27.2453,76.33,74,0,10.69
293,Zelenoborsk,RU,2022-06-27 22:11:56,61.4669,64.0333,43.36,94,100,8.32
294,Jacmel,HT,2022-06-27 22:11:58,18.2342,-72.5347,91.24,73,88,7.31
295,Tessalit,ML,2022-06-27 22:11:59,20.1986,1.0114,93.09,28,41,3.49
296,Pravia,ES,2022-06-27 22:12:00,43.4906,-6.1508,60.06,77,75,1.14
297,Alofi,NU,2022-06-27 22:12:01,-19.0595,-169.9187,79.09,79,23,14.74
298,Emporia,US,2022-06-27 22:12:02,38.4039,-96.1817,82.51,39,0,0.0
299,Kushima,JP,2022-06-27 22:12:04,31.4583,131.2333,78.66,95,100,6.04
300,Evans,US,2022-06-27 22:08:01,33.5337,-82.1307,89.24,55,0,0.0
301,Kuruman,ZA,2022-06-27 22:12:06,-27.4524,23.4325,45.99,40,0,12.8
302,San Jorge,AR,2022-06-27 22:12:07,-31.8962,-61.8598,52.0,85,100,5.37
303,Argentan,FR,2022-06-27 22:12:08,48.75,-0.0167,52.97,84,82,1.57
304,Kurchatov,RU,2022-06-27 22:12:10,51.6601,35.6521,68.41,88,1,3.71
305,Yar-Sale,RU,2022-06-27 22:12:11,66.8333,70.8333,53.82,50,100,26.46
306,Beringovskiy,RU,2022-06-27 22:12:12,63.05,179.3167,50.95,74,100,8.01
307,Breyten,ZA,2022-06-27 22:12:13,-26.3018,29.987,44.55,67,40,9.26
308,Xuanzhou,CN,2022-06-27 22:12:14,30.9525,118.7553,80.83,76,100,6.2
309,Iquitos,PE,2022-06-27 22:12:15,-3.7481,-73.2472,86.04,66,20,3.44
310,Lima,PE,2022-06-27 22:12:16,-12.0432,-77.0282,61.39,40,40,17.27
311,Khatanga,RU,2022-06-27 22:12:17,71.9667,102.5,48.25,47,5,4.99
312,Nizhnyaya Omka,RU,2022-06-27 22:12:18,55.4338,74.9426,49.66,88,92,13.02
313,Afonso Bezerra,BR,2022-06-27 22:12:19,-5.4983,-36.5056,79.27,69,42,17.22
314,Cabo San Lucas,MX,2022-06-27 22:07:45,22.8909,-109.9124,92.5,69,0,11.5
315,Weligama,LK,2022-06-27 22:09:19,5.9667,80.4167,78.33,85,78,12.21
316,Sept-Iles,CA,2022-06-27 22:11:53,50.2001,-66.3821,59.52,98,75,0.0
317,Nishihara,JP,2022-06-27 22:12:23,26.1842,127.7558,82.06,86,75,10.36
318,Ahipara,NZ,2022-06-27 22:12:54,-35.1667,173.1667,57.9,88,100,9.1
319,Punta De Piedra,VE,2022-06-27 22:12:54,7.6176,-71.4916,81.55,76,31,2.26
320,Half Moon Bay,US,2022-06-27 22:08:17,37.4636,-122.4286,92.53,62,20,26.46
321,Kijang,KR,2022-06-27 22:12:56,35.2442,129.2139,74.34,96,99,17.18
322,Bria,CF,2022-06-27 22:12:57,6.5423,21.9863,68.13,93,100,1.74
323,Noumea,NC,2022-06-27 22:12:58,-22.2763,166.4572,78.78,99,99,7.07
324,Mangan,IN,2022-06-27 22:12:59,27.5167,88.5333,75.18,93,100,0.6
325,Hobyo,SO,2022-06-27 22:13:01,5.3505,48.5268,77.63,75,61,26.4
326,Nanortalik,GL,2022-06-27 22:13:02,60.1432,-45.2371,43.65,78,60,3.94
327,Coihaique,CL,2022-06-27 22:13:03,-45.5752,-72.0662,43.41,75,100,6.91
328,Saint Marys,US,2022-06-27 22:08:09,30.7305,-81.5465,88.02,67,0,10.36
329,Olenino,RU,2022-06-27 22:13:05,56.2092,33.4889,66.92,71,17,5.37
330,Necochea,AR,2022-06-27 22:13:06,-38.5473,-58.7368,50.61,63,0,9.28
331,Dalbandin,PK,2022-06-27 22:13:07,28.8947,64.4101,91.9,25,17,10.29
332,Hvittingfoss,NO,2022-06-27 22:13:09,59.4833,10.0167,65.12,44,100,3.06
333,Kazaki,RU,2022-06-27 22:13:10,52.6248,38.2649,68.79,91,6,6.49
334,Cervo,ES,2022-06-27 22:13:11,43.6702,-7.4101,54.97,79,48,3.56
335,Jiangkou,CN,2022-06-27 22:13:12,25.4872,119.1986,78.12,86,96,5.48
336,Laguna,US,2022-06-27 22:09:05,38.421,-121.4238,104.76,22,0,10.36
337,San Cristobal,VE,2022-06-27 22:13:14,7.7669,-72.225,73.58,66,37,3.98
338,Acajutla,SV,2022-06-27 22:13:16,13.5928,-89.8275,82.02,77,76,4.85
339,Christchurch,NZ,2022-06-27 22:09:30,-43.5333,172.6333,45.91,92,75,9.22
340,Karaton,ID,2022-06-27 22:13:18,-6.3424,106.1045,72.55,94,99,1.19
341,Barguzin,RU,2022-06-27 22:13:20,53.6167,109.6167,70.59,61,37,2.48
342,Pangnirtung,CA,2022-06-27 22:13:21,66.1451,-65.7125,41.0,93,75,11.5
343,Namtsy,RU,2022-06-27 22:13:22,62.7161,129.6658,65.93,83,98,7.09
344,Olafsvik,IS,2022-06-27 22:08:59,64.8945,-23.7142,46.44,87,86,18.41
345,Kedrovyy,RU,2022-06-27 22:12:14,56.1667,91.8167,68.41,84,99,12.64
346,Londoko,RU,2022-06-27 22:13:24,49.0333,131.9833,66.07,94,100,1.99
347,Katherine,AU,2022-06-27 22:13:25,-14.4667,132.2667,71.92,46,100,14.97
348,Caravelas,BR,2022-06-27 22:13:26,-17.7125,-39.2481,68.52,73,28,9.46
349,Porgera,PG,2022-06-27 22:13:27,-5.4667,143.2,45.84,98,100,1.16
350,Lar,IN,2022-06-27 22:13:28,26.2039,83.9717,89.19,59,100,5.23
351,Alexandria,EG,2022-06-27 22:09:02,31.2156,29.9553,76.51,68,0,13.56
352,Berlevag,NO,2022-06-27 22:13:30,70.8578,29.0864,59.0,66,6,2.3
353,Puntarenas,CR,2022-06-27 22:13:31,9.9763,-84.8384,75.45,84,100,1.25
354,Hvolsvollur,IS,2022-06-27 22:13:32,63.7533,-20.2243,50.83,80,98,4.05
355,Aklavik,CA,2022-06-27 22:13:33,68.2191,-135.0107,81.99,28,95,7.9
356,Vestmannaeyjar,IS,2022-06-27 22:13:34,63.4427,-20.2734,51.17,82,73,2.82
357,Itarema,BR,2022-06-27 22:13:35,-2.9248,-39.9167,78.28,84,46,11.72
358,Verkhnetulomskiy,RU,2022-06-27 22:13:36,68.6073,31.7962,51.93,76,0,4.38
359,Nyimba,ZM,2022-06-27 22:13:37,-14.5566,30.8149,61.47,67,54,11.61
360,Korla,CN,2022-06-27 22:13:38,41.7597,86.1469,84.25,19,0,11.97
361,Penticton,CA,2022-06-27 22:13:39,49.4806,-119.5858,90.59,15,82,4.32
362,Katobu,ID,2022-06-27 22:13:40,-4.9408,122.5276,73.08,96,94,3.51
363,Tandil,AR,2022-06-27 22:10:07,-37.3217,-59.1332,51.69,72,18,10.49
364,Coruripe,BR,2022-06-27 22:13:42,-10.1256,-36.1756,73.65,83,7,10.56
365,San Bartolome De Tirajana,ES,2022-06-27 22:14:13,27.9248,-15.5733,61.27,72,75,23.02
366,Saint-Francois,FR,2022-06-27 22:14:13,46.4154,3.9054,56.64,94,0,3.44
367,Fairbanks,US,2022-06-27 22:11:13,64.8378,-147.7164,78.03,42,75,4.61
368,Kondopoga,RU,2022-06-27 22:14:15,62.2057,34.2614,49.86,66,45,7.07
369,Emerald,AU,2022-06-27 22:10:52,-23.5333,148.1667,50.34,63,83,15.86
370,Salalah,OM,2022-06-27 22:14:17,17.0151,54.0924,82.49,94,100,2.3
371,Birin,NP,2022-06-27 22:14:19,26.8865,88.0718,63.64,92,100,0.92
372,Wanning,CN,2022-06-27 22:14:20,18.8003,110.3967,80.56,90,75,9.33
373,Makarov,RU,2022-06-27 22:14:20,48.6333,142.8,56.61,80,32,2.21
374,Vallenar,CL,2022-06-27 22:14:21,-28.5708,-70.7581,57.6,60,43,5.3
375,Guerrero Negro,MX,2022-06-27 22:14:23,27.9769,-114.0611,85.05,46,10,16.15
376,Semey,KZ,2022-06-27 22:14:24,50.4111,80.2275,58.12,65,0,6.04
377,Lida,BY,2022-06-27 22:14:25,53.8833,25.2997,67.28,82,67,5.19
378,Nicoya,CR,2022-06-27 22:14:26,10.1483,-85.452,73.49,93,100,2.62
379,Gutierrez Zamora,MX,2022-06-27 22:14:27,20.45,-97.0833,91.22,64,78,11.34
380,Priupskiy,RU,2022-06-27 22:14:28,53.9096,37.736,66.54,87,4,5.66
381,Grindavik,IS,2022-06-27 22:14:29,63.8424,-22.4338,50.47,81,0,12.66
382,Zheleznodorozhnyy,RU,2022-06-27 22:14:30,55.7503,38.0042,75.61,66,9,3.44
383,Filingue,NE,2022-06-27 22:14:31,14.3521,3.3168,90.45,40,40,18.52
384,Khani,GE,2022-06-27 22:14:32,41.9563,42.9566,54.97,95,72,2.53
385,Tacuarembo,UY,2022-06-27 22:12:12,-31.7333,-55.9833,55.13,93,100,3.58
386,Dagana,MR,2022-06-27 22:14:33,16.5165,-15.5068,90.88,33,26,15.1
387,Okha,RU,2022-06-27 22:14:34,53.5739,142.9478,51.82,85,17,8.97
388,Borova,UA,2022-06-27 22:13:09,50.1763,30.1043,74.25,79,49,3.91
389,Barra Do Garcas,BR,2022-06-27 22:14:36,-15.89,-52.2567,73.89,34,0,1.45
390,Smithers,CA,2022-06-27 22:10:12,54.7804,-127.1743,84.52,30,75,2.01
391,Shelburne,CA,2022-06-27 22:14:37,44.0787,-80.2041,59.9,68,98,15.28
392,Kahului,US,2022-06-27 22:13:57,20.8947,-156.47,84.22,65,40,21.85
393,Talara,PE,2022-06-27 22:14:40,-4.5772,-81.2719,70.56,68,0,13.8
394,Maxixe,MZ,2022-06-27 22:14:42,-23.8597,35.3472,66.15,70,83,12.21
395,Stornoway,GB,2022-06-27 22:14:42,58.2093,-6.3865,55.36,74,94,12.66
396,Taunggyi,MM,2022-06-27 22:14:43,20.7833,97.0333,63.28,95,100,4.05
397,Paamiut,GL,2022-06-27 22:10:31,61.994,-49.6678,39.92,84,98,7.58
398,Ancud,CL,2022-06-27 22:14:45,-41.8697,-73.8203,47.23,90,100,18.01
399,Imeni Poliny Osipenko,RU,2022-06-27 22:14:46,52.4201,136.4853,63.68,84,6,8.99
400,Qaqortoq,GL,2022-06-27 22:14:47,60.7167,-46.0333,45.3,70,12,3.78
401,Newport,GB,2022-06-27 22:14:48,51.5877,-2.9984,57.45,77,42,10.2
402,Svetlyy,RU,2022-06-27 22:14:49,54.675,20.1347,72.97,75,58,9.98
403,Hearst,CA,2022-06-27 22:14:49,49.6835,-83.6665,66.43,36,67,7.27
404,Lumajang,ID,2022-06-27 22:14:51,-8.1335,113.2248,71.8,93,51,2.3
405,Motygino,RU,2022-06-27 22:14:52,58.1831,94.7592,61.39,97,100,5.75
406,Ohara,JP,2022-06-27 22:14:53,35.25,140.3833,77.65,83,76,3.83
407,Mahajanga,MG,2022-06-27 22:14:54,-15.7167,46.3167,64.42,72,0,3.44
408,Teya,RU,2022-06-27 22:14:55,60.3778,92.6267,59.5,93,100,3.76
409,Arlit,NE,2022-06-27 22:14:56,18.7369,7.3853,95.67,18,64,4.07
410,Shiyan,CN,2022-06-27 22:14:57,32.6475,110.7781,73.18,84,0,5.77
411,Tongliao,CN,2022-06-27 22:14:58,43.6125,122.2653,67.39,88,100,20.65
412,Bandarbeyla,SO,2022-06-27 22:14:58,9.4942,50.8122,80.82,65,66,34.94
413,Chumikan,RU,2022-06-27 22:14:59,54.7183,135.315,49.87,82,59,2.98
414,Leningradskiy,RU,2022-06-27 22:15:31,69.3833,178.4167,44.01,65,16,6.4
415,Jeremie,HT,2022-06-27 22:15:31,18.65,-74.1167,83.86,68,100,4.38
416,Nyurba,RU,2022-06-27 22:15:33,63.2842,118.3319,51.98,74,59,4.27
417,Richards Bay,ZA,2022-06-27 22:15:34,-28.783,32.0377,58.73,85,5,4.16
418,Mayo,US,2022-06-27 22:15:35,38.8876,-76.5119,83.95,70,0,4.61
419,Soure,BR,2022-06-27 22:15:36,-0.7167,-48.5233,80.11,79,66,8.01
420,San Juan,AR,2022-06-27 22:11:25,-31.5375,-68.5364,50.72,56,100,3.0
421,Parrita,CR,2022-06-27 22:15:38,9.5201,-84.3225,75.15,87,100,4.47
422,Weinan,CN,2022-06-27 22:15:39,34.5036,109.5089,75.04,45,2,5.46
423,Kirkenes,NO,2022-06-27 22:15:40,69.7271,30.0458,58.15,58,100,9.22
424,Prince Rupert,CA,2022-06-27 22:15:10,54.3161,-130.3201,58.69,90,100,14.97
425,De Aar,ZA,2022-06-27 22:15:41,-30.6497,24.0123,48.58,44,0,2.21
426,Banda Aceh,ID,2022-06-27 22:15:42,5.5577,95.3222,78.48,84,100,11.54
427,Torres,BR,2022-06-27 22:11:46,-29.3353,-49.7269,64.83,90,100,3.89
428,Portland,US,2022-06-27 22:14:43,45.5234,-122.6762,95.56,30,0,7.0
429,Winnemucca,US,2022-06-27 22:15:44,40.973,-117.7357,96.85,9,0,5.75
430,Vaxjo,SE,2022-06-27 22:15:46,56.8777,14.8091,71.65,68,0,4.61
431,Aguimes,ES,2022-06-27 22:15:47,27.9054,-15.4461,67.66,78,75,24.16
432,Nara,JP,2022-06-27 22:15:47,34.6851,135.8049,83.97,67,70,1.3
433,Opuwo,NA,2022-06-27 22:15:48,-18.0607,13.84,57.02,39,0,8.3
434,Porto Novo,BJ,2022-06-27 22:15:50,6.4965,2.6036,80.42,89,87,3.91
435,Luau,AO,2022-06-27 22:15:51,-10.7073,22.2247,58.87,48,15,5.19
436,Ranong,TH,2022-06-27 22:15:52,9.9658,98.6348,79.45,86,63,6.24
437,Tacoronte,ES,2022-06-27 22:15:53,28.4769,-16.4102,63.39,83,75,20.0
438,Port-Gentil,GA,2022-06-27 22:15:54,-0.7193,8.7815,73.36,88,75,12.66
439,Karagaylinskiy,RU,2022-06-27 22:15:55,54.172,86.5521,53.13,91,85,12.24
440,Virginia Beach,US,2022-06-27 22:14:33,36.8529,-75.978,84.25,58,100,12.66
441,Samarai,PG,2022-06-27 22:15:57,-10.6167,150.6667,80.98,83,100,12.06
442,Saint-Pierre,RE,2022-06-27 22:15:58,-21.3393,55.4781,67.91,82,100,5.75
443,Tazovskiy,RU,2022-06-27 22:15:59,67.4667,78.7,50.97,72,100,16.55
444,Dakoro,NE,2022-06-27 22:15:59,14.5106,6.765,92.73,29,35,10.29
445,Yining,CN,2022-06-27 22:16:01,29.0361,114.5636,78.01,89,100,2.64
446,Swift Current,CA,2022-06-27 22:14:40,50.2834,-107.8014,76.64,35,2,8.97
447,Kikwit,CD,2022-06-27 22:16:03,-5.041,18.8162,74.68,39,16,2.51
448,Palanga,LT,2022-06-27 22:16:05,55.9175,21.0686,75.22,69,0,8.05
449,Omboue,GA,2022-06-27 22:16:06,-1.5746,9.2618,71.83,89,100,5.7
450,Asau,RO,2022-06-27 22:16:07,46.4333,26.4,67.28,100,100,5.01
451,Vao,NC,2022-06-27 22:16:08,-22.6667,167.4833,73.56,73,98,7.4
452,Tecolutilla,MX,2022-06-27 22:16:09,18.2833,-93.3167,83.62,72,76,12.95
453,Culpeper,US,2022-06-27 22:16:11,38.5004,-77.9664,83.75,58,0,4.61
454,Lalibela,ET,2022-06-27 22:16:12,12.0333,39.0333,63.86,57,82,0.65
455,Ondjiva,AO,2022-06-27 22:16:13,-17.0667,15.7333,54.27,43,0,7.76
456,Dali,CN,2022-06-27 22:16:14,25.7,100.1833,63.05,94,100,4.18
457,Otofuke,JP,2022-06-27 22:16:16,42.9917,143.2003,67.91,79,81,3.44
458,Pitimbu,BR,2022-06-27 22:16:16,-7.4706,-34.8086,73.99,86,46,17.13
459,Husavik,IS,2022-06-27 22:16:18,66.0449,-17.3389,45.46,99,100,6.67
460,Aykhal,RU,2022-06-27 22:16:19,66.0,111.5,42.3,74,100,12.71
461,Angoche,MZ,2022-06-27 22:16:50,-16.2325,39.9086,72.19,69,3,9.55
462,Thongwa,MM,2022-06-27 22:16:51,16.7619,96.5278,78.96,92,98,2.53
463,Soubre,CI,2022-06-27 22:16:52,5.7856,-6.6083,72.88,99,93,3.8
464,Kodinar,IN,2022-06-27 22:16:53,20.7903,70.7031,82.54,78,100,11.34
465,Bilibino,RU,2022-06-27 22:16:54,68.0546,166.4372,52.65,29,93,4.0
466,Innisfail,AU,2022-06-27 22:16:55,-17.5333,146.0333,67.77,83,100,13.22
467,Lerwick,GB,2022-06-27 22:16:57,60.1545,-1.1494,53.6,95,14,11.52
468,Russell,US,2022-06-27 22:16:59,32.3502,-85.1999,88.88,74,75,12.66
469,Dakar,SN,2022-06-27 22:14:29,14.6937,-17.4441,79.68,79,22,9.22
470,Nueva Loja,EC,2022-06-27 22:17:01,0.0847,-76.8828,86.02,54,75,4.61
471,Tari,NG,2022-06-27 22:17:02,12.4086,4.4914,84.06,51,100,16.44
472,Trelew,AR,2022-06-27 22:17:03,-43.249,-65.3051,48.76,46,100,12.24
473,Lixourion,GR,2022-06-27 22:17:05,38.2019,20.4314,77.85,62,0,2.1
474,Markivka,UA,2022-06-27 22:17:06,49.5229,39.5705,63.23,75,0,5.48
475,San Jeronimo,PE,2022-06-27 22:17:08,-11.9472,-75.2829,61.11,37,6,4.45
476,Den Helder,NL,2022-06-27 22:17:09,52.9599,4.7593,60.78,88,20,10.0
477,Moundsville,US,2022-06-27 22:17:09,39.9203,-80.7431,78.01,43,74,9.26
478,Isangel,VU,2022-06-27 22:17:11,-19.55,169.2667,78.37,70,2,8.41
479,Vostok,RU,2022-06-27 22:17:12,46.4856,135.8833,60.44,75,100,3.18
480,Balkanabat,TM,2022-06-27 22:17:17,39.5108,54.3671,81.63,59,53,4.18
481,Strangnas,SE,2022-06-27 22:17:18,59.3774,17.0312,72.07,80,0,7.81
482,Lazaro Cardenas,MX,2022-06-27 22:17:19,17.9583,-102.2,83.97,74,59,8.77
483,Guayaramerin,BO,2022-06-27 22:17:20,-10.8368,-65.3614,77.95,58,1,2.01
484,Teguise,ES,2022-06-27 22:17:21,29.0605,-13.564,66.42,68,75,20.71
485,Boueni,YT,2022-06-27 22:17:22,-12.9025,45.0761,78.78,64,7,16.11
486,Coquimbo,CL,2022-06-27 22:17:23,-29.9533,-71.3436,58.73,77,40,4.61
487,Beira,MZ,2022-06-27 22:17:24,-19.8436,34.8389,66.29,88,40,13.8
488,Sembe,CG,2022-06-27 22:17:25,1.6481,14.5806,70.11,98,100,2.57
489,Luoyang,CN,2022-06-27 22:17:26,34.6836,112.4536,79.32,59,0,4.54
490,Shizukuishi,JP,2022-06-27 22:17:27,39.6833,140.9833,70.07,99,100,3.36
491,Danielskuil,ZA,2022-06-27 22:17:28,-28.1887,23.5395,45.3,43,0,7.54
492,Siverek,TR,2022-06-27 22:17:29,37.755,39.3167,72.27,31,2,3.56
493,Nhulunbuy,AU,2022-06-27 22:17:30,-12.2333,136.7667,79.41,73,100,13.8
494,Merauke,ID,2022-06-27 22:13:51,-8.4667,140.3333,77.4,91,97,13.67
495,Faya,SA,2022-06-27 22:17:32,18.3851,42.4509,75.72,39,95,2.53
496,Urucara,BR,2022-06-27 22:17:33,-2.5364,-57.76,80.73,68,91,1.88
497,Ossora,RU,2022-06-27 22:17:33,59.2353,163.0719,60.39,76,1,6.35
498,Sioux Lookout,CA,2022-06-27 22:17:34,50.1001,-91.917,75.27,46,40,13.8
499,Zafra,ES,2022-06-27 22:17:35,38.4167,-6.4167,63.59,43,0,8.86
500,Hovd,MN,2022-06-27 22:17:36,48.0056,91.6419,71.78,36,96,8.86
501,Mana,GF,2022-06-27 22:17:37,5.6592,-53.7767,77.18,89,100,5.26
502,Werota,ET,2022-06-27 22:17:38,11.9167,37.7,60.48,90,77,4.38
503,Yakeshi,CN,2022-06-27 22:17:39,49.2833,120.7333,65.07,65,1,2.51
504,Mantua,IT,2022-06-27 22:17:40,45.1667,10.7833,81.64,72,0,7.81
505,Bowen,AU,2022-06-27 22:17:41,-20.0167,148.2333,62.02,63,72,16.55
506,Broken Hill,AU,2022-06-27 22:17:42,-31.95,141.4333,40.75,69,0,6.35
507,Pagsabangan,PH,2022-06-27 22:17:43,7.4811,125.7494,75.24,98,100,0.65
508,College,US,2022-06-27 22:17:44,64.8569,-147.8028,79.0,44,75,3.44
509,Kayes,ML,2022-06-27 22:17:51,14.0,-11.0,94.5,33,54,2.15
510,Klyuchi,RU,2022-06-27 22:18:16,52.2667,79.1667,52.75,73,1,7.81
511,Ballina,AU,2022-06-27 22:18:17,-28.8667,153.5667,54.01,70,96,15.03
512,Coari,BR,2022-06-27 22:18:17,-4.085,-63.1414,76.53,89,71,3.29
513,Puri,IN,2022-06-27 22:18:18,19.8,85.85,81.12,78,92,11.23
514,Barreirinha,BR,2022-06-27 22:18:19,-2.7933,-57.07,80.11,71,91,0.65
515,Komsomolskiy,UZ,2022-06-27 22:18:20,40.4272,71.7189,81.32,32,0,6.91
516,Lata,PT,2022-06-27 22:18:21,40.1629,-8.3327,60.82,89,0,3.47
517,Tazmalt,DZ,2022-06-27 22:18:22,36.3868,4.3989,72.68,53,53,5.21
518,Zelenoborskiy,RU,2022-06-27 22:18:24,66.845,32.3622,48.33,81,0,5.53
519,Tamiahua,MX,2022-06-27 22:18:25,21.2667,-97.45,85.42,65,66,10.63
520,Divnoye,RU,2022-06-27 22:18:26,45.9089,43.3547,70.27,49,100,6.82
521,Nosy Varika,MG,2022-06-27 22:18:27,-20.5833,48.5333,64.9,79,74,10.25
522,Saint George,US,2022-06-27 22:18:28,37.1041,-113.5841,105.26,14,0,6.91
523,Villamontes,BO,2022-06-27 22:18:28,-21.25,-63.5,69.04,54,5,5.35
524,Nuristan,AF,2022-06-27 22:18:29,35.3,70.8333,49.42,51,0,8.88
525,Tigil,RU,2022-06-27 22:18:30,57.8,158.6667,62.87,64,25,6.55
526,Aleksandrovsk-Sakhalinskiy,RU,2022-06-27 22:18:31,50.8975,142.1561,55.31,89,91,0.96
527,Kokopo,PG,2022-06-27 22:18:32,-4.352,152.2633,79.45,72,95,3.24
528,Petrozavodsk,RU,2022-06-27 22:18:33,61.7849,34.3469,56.66,72,10,6.71
529,Aguas Formosas,BR,2022-06-27 22:18:34,-17.0822,-40.9358,66.16,70,99,5.14
530,Kuching,MY,2022-06-27 22:15:29,1.55,110.3333,77.22,94,40,0.0
531,Kargasok,RU,2022-06-27 22:18:35,59.0556,80.8572,51.64,93,35,10.85
532,Mbandaka,CD,2022-06-27 22:18:36,0.0487,18.2603,70.25,95,99,3.11
533,Eseka,CM,2022-06-27 22:18:37,3.65,10.7667,71.06,99,94,1.1
534,Paraiso,CR,2022-06-27 22:18:39,9.8383,-83.8656,70.66,97,100,2.35
535,Metro,ID,2022-06-27 22:18:40,-5.1131,105.3067,74.12,94,100,3.91
536,Kholmogory,RU,2022-06-27 22:18:41,64.2229,41.656,39.85,80,6,6.26
537,Hlukhiv,UA,2022-06-27 22:18:42,51.6782,33.9162,68.5,83,0,4.47
538,Kilindoni,TZ,2022-06-27 22:18:43,-7.9139,39.6668,77.2,71,57,19.51
539,Cutervo,PE,2022-06-27 22:18:44,-6.379,-78.8157,59.76,56,15,3.98
540,Tyup,KG,2022-06-27 22:18:45,42.7276,78.3648,59.68,70,100,2.91
541,Itoman,JP,2022-06-27 22:18:46,26.1247,127.6694,82.78,85,40,10.36
542,Soe,ID,2022-06-27 22:18:47,-9.8607,124.284,63.03,91,76,5.53
543,Mbuyapey,PY,2022-06-27 22:18:48,-26.2,-56.75,65.32,88,5,3.69
544,Egvekinot,RU,2022-06-27 22:18:49,66.3167,-179.1667,37.02,99,100,5.23
545,Lewistown,US,2022-06-27 22:18:50,40.5992,-77.5714,80.82,67,0,13.8
546,Colac,AU,2022-06-27 22:18:51,-38.3333,143.5833,44.83,91,100,4.12
547,Skibbereen,IE,2022-06-27 22:18:52,51.55,-9.2667,56.1,97,100,25.21
548,Aanekoski,FI,2022-06-27 22:18:53,62.6946,25.818,65.86,100,40,4.25
549,Kushiro,JP,2022-06-27 22:18:54,42.975,144.3747,63.55,100,75,6.91
550,Baherden,TM,2022-06-27 22:18:55,38.4362,57.4316,91.44,33,1,10.02
551,San Quintin,MX,2022-06-27 22:18:56,30.4833,-115.95,78.08,55,1,8.25
552,Santo Tomas,PH,2022-06-27 22:18:57,14.1079,121.1414,79.48,92,84,3.38
553,Turukhansk,RU,2022-06-27 22:18:57,65.8167,87.9833,53.6,80,80,16.11
554,Sayyan,YE,2022-06-27 22:19:28,15.1718,44.3244,70.5,27,100,5.1
555,Tougan,BF,2022-06-27 22:19:29,13.0667,-3.0667,84.6,52,88,9.17
556,Mimoso Do Sul,BR,2022-06-27 22:19:30,-21.0642,-41.3664,59.65,76,55,2.24
557,Port Blair,IN,2022-06-27 22:19:32,11.6667,92.75,81.09,80,79,13.85
558,Iranshahr,IR,2022-06-27 22:19:32,27.2025,60.6848,93.9,32,51,1.25
559,Grants,US,2022-06-27 22:19:33,35.1473,-107.8514,62.83,82,100,10.36
560,Baracoa,CU,2022-06-27 22:19:34,20.3467,-74.4958,82.72,77,100,3.04
561,Dutlwe,BW,2022-06-27 22:19:35,-23.9833,23.9,54.72,45,18,13.67
562,Marawi,PH,2022-06-27 22:19:36,7.9986,124.2928,69.04,92,100,4.18
563,Havelock,US,2022-06-27 22:19:37,34.8791,-76.9013,84.18,72,83,7.0
564,Tucumcari,US,2022-06-27 22:19:38,35.1717,-103.725,78.64,41,75,10.36
565,Valladolid,ES,2022-06-27 22:19:39,41.5833,-4.6667,57.83,68,2,1.01
566,Del Rio,US,2022-06-27 22:19:40,29.3627,-100.8968,100.8,21,20,10.36
567,San Jose,US,2022-06-27 22:16:34,37.3394,-121.895,98.69,46,0,13.8
568,Chaiyo,TH,2022-06-27 22:19:41,14.6764,100.4686,81.23,89,97,6.58
569,Kitimat,CA,2022-06-27 22:19:43,54.0524,-128.6534,88.18,45,86,1.95
570,Turek,PL,2022-06-27 22:19:43,52.0155,18.5005,72.61,60,0,10.09
